tier,id,title,gc,kt_rep,referral,units,units_kt,addr,bbl,stage,job_type,last_filing,title_entity,title_addr,deed_date,deed_amt,dob_owner,verdict,portfolio_regs,self,third,third_party_agents_seen,incumbent_agent_on_lot,incumbent_is_self,rep_flag,note
A+,92,601 Union St,Prestige Construction,Dave Chaz,,86,86,"601 UNION STREET, Brooklyn, NY, USA",3004340001,permitted 2026-08-18 (under construction),New Building,2026-08-27,UNION STREET OWNER LLC,"221 WEST 37TH STREET, 5TH FLOOR , NEW YORK NY 10018",2024-12-23,29400000,SHLOMI AVDOO,NO HPD HISTORY (thin),1,0,0,,,,,Avdoo - already a pipeline relationship (110 Boerum Pl); Union Street Owner LLC @ 221 W 37th = Avdoo office
A+,156,18 W 116 Street,Prestige Construction,Dave Chaz,,55,44,"18 WEST 116 STREET, New York, NY, USA",1015990044,"approved, not yet permitted",New Building,2026-08-26,"CARTHAGE NEXUS CANADA, L.P.","18 WEST 116TH STREET , NEW YORK NY 10026",2018-06-11,6722784,MOSES STRULOVITCH,NO HPD HISTORY,0,0,0,,,,,
A+,231,449 Jackson Ave - PTAC,MJH Developers,Dave Chaz,,51,,"449 JACKSON AVENUE, Bronx, NY, USA",2025570060,"approved, not yet permitted",New Building,2026-06-15,449 JACKSON LLC,"19 MANGIN ROAD , MONROE NY 10950",2026-03-12,1750500,GEDALYA FELDMAN,THIRD-PARTY USER (thin),1,0,1,1538 HOE LLC(1),,,,
A+,355,449 Jackson Ave- Appliances,MJH Developers,Dave Chaz,,51,51,"449 JACKSON AVENUE, Bronx, NY, USA",2025570060,"approved, not yet permitted",New Building,2026-06-15,449 JACKSON LLC,"19 MANGIN ROAD , MONROE NY 10950",2026-03-12,1750500,GEDALYA FELDMAN,THIRD-PARTY USER (thin),1,0,1,1538 HOE LLC(1),,,,
A+,178,BUILDERS SOURCE / 861 Park,Pyramid Builders NY,Dave Chaz,Arya Stein,50,50,"861 PARK AVENUE, Brooklyn, NY, USA",3015790010,"approved, not yet permitted",New Building,2026-08-28,MYRTLE 6 LLC,"292 ELLERY STREET , BROOKLYN NY 11206",2004-01-27,1410000,BRUCHY LEFKOWITZ,THIRD-PARTY USER (thin),2,0,2,1473 44TH ST MANAGEMENT LLC(1); GREENI MANAGEMENT(1),,,,
A+,80,1505 Emmons Ave,Royal Builders NY,Dave Chaz,Sani Wertzerger,47,47,"1505 EMMONS AVENUE, Brooklyn, NY, USA",3087690053,filed (Pending Plan Examiner Assignment),New Building,2026-09-03,1505 EMMONS LIVING LLC,"2250 59TH STREET 8TH FLOOR, BROOKLYN NY 11204",2025-12-31,0,MENACHEM MARKOVICS,NO HPD HISTORY,0,0,0,,,,,
A+,300,910 Faile St - Appliances,MJH Developers,Dave Chaz,,40,40,"910 FAILE STREET, Bronx, NY, USA",2027610081,permitted 2026-08-10 (under construction),New Building,2026-08-10,FAILE GARDENS LLC,"4 SEARS ROAD , MONROE NY 10950",2025-04-01,830000,GAGANDEEP SINGH,NO HPD HISTORY (entity office),0,0,0,,,,DOB contact on 500 sites - likely filing rep; GAGANDEEP SINGH appears on 6 entities in this list - expediter,
A+,426,3822 Sedgwick - PTAC,MJH Developers,Dave Chaz,,30,,"3822 SEDGWICK AVENUE, Bronx, NY, USA",2032460051,filed (Plan Examiner Review),New Building,2026-06-30,3822 SEDGWICK HOLDINGS LLC,"76 HEWES STREET , BROOKLYN NY 11249",2026-04-16,1130000,SINAI GROSS,NO HPD HISTORY,0,0,0,,,,,
A,50,29-37 40TH RD,Bravon Capital LLC,Josh,,43,43,"29-37 40 ROAD, Long Island City, NY, USA",4004020010,"approved, not yet permitted",New Building,2026-02-16,3001 NORTHERN BLVD REALTY LLC,"30-01 NORTHERN BLVD , LONG ISLAND CITY NY 11101",2025-02-28,4800000,ABE WALDMAN,NO HPD HISTORY,0,0,0,,,,,
A,111,910 Faile St - Ptacs,MJH Developers,Lipa Goldman,,40,,"910 FAILE STREET, Bronx, NY, USA",2027610081,permitted 2026-08-10 (under construction),New Building,2026-08-10,FAILE GARDENS LLC,"4 SEARS ROAD , MONROE NY 10950",2025-04-01,830000,GAGANDEEP SINGH,NO HPD HISTORY (entity office),0,0,0,,,,DOB contact on 500 sites - likely filing rep; GAGANDEEP SINGH appears on 6 entities in this list - expediter,
A,394,"153 9th st, Brooklyn, NY",Bravon Capital LLC,Josh,,29,29,"153 9 STREET, Brooklyn, NY, USA",3010020050,"approved, not yet permitted",New Building,2026-06-22,153 9TH ST REALTY LLC,"153 9TH ST , BROOKLYN NY 11215",2026-04-17,5500000,ABE WALDMAN,NO HPD HISTORY,0,0,0,,,,,
A,382,555 Liberty Ave - Appliances,MJH Developers,Josh,,26,,"555 LIBERTY AVENUE, Brooklyn, NY, USA",3039630026,"approved, not yet permitted",Alteration,2026-08-12,555 LIBERTY LLC,"C/O:. JOEL RETEK, MBR. 183 WILSON ST. #185, BROOKLYN NY 11211",2025-10-30,2725000,ARON HARFENES,NO HPD HISTORY,0,0,0,,,,ARON HARFENES appears on 4 entities in this list - expediter,
A,125,381 Van Brunt - Appliances,REDHOEK,Victor Orozco,Sani Wertzerger,22,22,"381 VAN BRUNT STREET, Brooklyn, NY, USA",3005870001,filed (Objections),New Building,2026-08-25,DDG 379 VB OWNER LLC,"185 VAN DYKE ST. SUITE 215 , BROOKLYN NY 11231",2025-12-17,0,JACK TAWIL,NO HPD HISTORY,0,0,0,,,,,DDG - already in pipeline as Coffey House (381 Van Brunt)
A,129,817 Bedford Ave,Bedford LLC,Lipa Goldman,,16,,"817 BEDFORD AVENUE, Brooklyn, NY, USA",3017340061,filed (Objections),ALT-CO - New Building with Existing Elements to Remain,2024-12-04,819 MAZEL MIT BRUCHA LLC,"51 FOREST RD STE 316-160 , MONROE NY 10950",2023-02-09,3100000.00,ZALMEN LEBOVITC,NO HPD HISTORY,0,0,0,,,,,
A,203,3092 and 3212 Farragut Rd - Appliances,Ador Builders LLC,Josh,,15,32,"3212 FARRAGUT ROAD, Brooklyn, NY, USA",3050070042,filed (Plan Examiner Review),New Building,2026-08-21,3212 FARRAGUT RD PARTNERS LLC,"489 WASHINGTON AVENUE SUITE GM, BROOKLYN NY 11238",2025-06-05,1125000,GAGANDEEP SINGH,NO HPD HISTORY (entity office),0,0,0,,,False,DOB contact on 500 sites - likely filing rep; GAGANDEEP SINGH appears on 6 entities in this list - expediter,
A,296,20 Luquer Street,A.A.D Construction Corp.,Dave Chaz,,12,12,"20 LUQUER STREET, Brooklyn, NY, USA",3005200016,BIS PERMIT ISSUED - ENTIRE JOB/WORK (NB),NB,,20 LUQUER STREET LLC,"141 DWIGHT STREET , BROOKLYN NY 11231",2021-08-31,0.00,20 LUQUER STREET LLC,NO HPD HISTORY,0,0,0,,,,,
B,6,6202 8th Ave,Rubin Equities,Dave Chaz,,549,540,"6202 8 AVENUE, Brooklyn, NY, USA",3057940075,filed (Objections),New Building,2026-09-03,6208 8TH AVENUE OWNER LLC,"885 SECOND AVENUE , NEW YORK NY 10017",2025-03-14,5644750.34,JOEL WERCZBERGER,MIXED,3,2,1,MISSION OF THE CZECH REP TO UN(1),,,,Watermark Capital (already Tier-2 in pipeline: 303 Wythe); thin HPD evidence 2/1
B,118,"85 4th Avenue, Brooklyn",FOLXCO,Josh,,260,191,"85 4 AVENUE, Brooklyn, NY, USA",3009340001,signed-off / complete,Alteration,2026-05-27,85 4TH AVENUE LLC,"185 CLYMER STREET, #401 , BROOKLYN NY 11211",2024-09-27,0,MARK RIGERMAN,MIXED,43,37,6,JOEL STAUBER(2); SHEFA MANAGEMENT ASSOC(2); MSM MANAGEMENT GROUP INC(1); 159 WILLOUGHBY AVENUE(1),,,,
B,31,37-20 114th St,CNS Builders,Josh,,180,180,"37-20 114 STREET, North Corona, NY, USA",4017820030,signed-off / complete,Alteration,2026-03-31,3720 PARTNERS LLC,"99 WEST HAWTHORNE AVE SUITE 520 , VALLEY STREAM NY 11580",2022-12-29,8000000.00,S HERMAN,MIXED,6,5,1,HERMAN SPITZ(1),,,,
B,333,913 E 108th Street,Prestige Construction,Dave Chaz,,99,196,"913 EAST 108 STREET, Brooklyn, NY, USA",3082350342,filed (Filing Withdrawn),New Building,,913 EAST 108 LLC,"C/O JZ LEGAL 2329 NOSTRAND AVENUE SUITE 400, BROOKLYN NY 11210",2026-02-17,0,ABRAHAM POSNER,MIXED,8,6,1,MIDWOOD TOWERS LLC(1),,,,
B,380,138 Osborn St - Quote for Appliances,Blue Sky,Dave Chaz,,99,,"138 OSBORN STREET, Brooklyn, NY, USA",3035230028,filed (Pending Plan Examiner Assignment),New Building,2026-08-31,OSBORN COMMONS LLC,"5676 RIVERDALE AVENUE, SUITE 203 , BRONX NY 10471",2025-10-22,6235000,STEVEN WESTREICH,MIXED,62,60,2,ALEXANDRA ROSSLAND(1); WESTORCHARD MANAGEMENT LLC(1),,,DOB contact on 71 sites - likely filing rep,
B,357,"623 E 178th St, Bronx, NY 10457",Blue Sky,Lipa Goldman,,99,,"623 EAST 178 STREET, Bronx, NY, USA",2030680088,signed-off / complete,New Building,2026-07-08,EAST 178 LLC,"1342 38TH STREET , BROOKLYN NY 11218",2025-11-10,1100000,YONAH GRUNHUT,NO HPD HISTORY,0,0,0,,,,,
B,33,918 Atlantic Ave,Prestige Construction,Dave Chaz,Menashe Treitel,99,99,"918 ATLANTIC AVENUE, Brooklyn, NY, USA",3011240004,"approved, not yet permitted",New Building,2026-08-31,918 ATLANTIC PROPERTY OWNER LLC,"C/O: EMP CAPITAL 433 BROADWAY, 2ND FLOOR, NEW YORK NY 10013",2025-05-22,7000000,ELIE PARIENTE,SELF-MANAGER (thin),2,2,0,,,,,EMP Capital / Elie Pariente = pipeline Tier 1 (563 Washington). Thin self signal (2/0) but live relationship + Dave rep on deal
B,196,Blue Elm/Blue view. 852 East 176 St.,Blue View Builders,Dave Chaz,Oscar Brull,98,98,"852 EAST 176 STREET, Bronx, NY, USA",2029580210,signed-off / complete,New Building,2026-07-30,EAST 176 RESIDENCE L.P.,"183 WILSON STREET UNIT 109, BROOKLYN NY 11211",2025-12-16,0,GAGANDEEP SINGH,UNKNOWN (mail-drop office),0,0,0,,,,DOB contact on 500 sites - likely filing rep; GAGANDEEP SINGH appears on 6 entities in this list - expediter,
B,89,18-11 Cornaga Ave,Prestige Construction,Dave Chaz,,93,,"18-11 CORNAGA AVENUE, Far Rockaway, NY, USA",4155630016,"approved, not yet permitted",New Building,2026-03-02,1815 CORNAGA LLC,"935 EAST 5TH STREET , BROOKLYN NY 11230",2025-03-25,3650000,PETER ABOWITZ,SELF-MANAGER (thin),2,2,0,,,,,"Peter Abowitz 2/0 self (thin); 93u Far Rockaway, approved"
B,307,54-09 & 54-11 Queens Blvd,Prestige Construction,Dave Chaz,,90,,"54-11 QUEENS BOULEVARD, Woodside, NY, USA",4013230044,"approved, not yet permitted",New Building,2026-09-01,"54-11 QUEENS BLVD. ACQUISITION, LLC","225 CROSSWAYS PARK DRIVE , WOODBURY NY 11797",2020-12-31,4131000.00,STEVEN HURWITZ,MIXED,10,9,1,PROSPECT LAND ACQUISITIONS LLC(1),,,,
B,298,"94-09 & 94-11 148th St, Jamaica, NY 11435",City Wide Builders,Lipa Goldman,,89,,"94-09 148 STREET, Jamaica, NY, USA",4100000001,permitted 2026-07-07 (under construction),New Building,2026-05-15,ATLANTIC 94 TOWER LLC,"31 SPENCER ST 11TH FL , BROOKLYN NY 11205",2025-06-23,9925000,MOSES FREUND,MIXED,200,72,8,JOSH PFEIFER(3); FRONTGATE MANAGEMENT(2); GREENI MANAGEMENT(1); ABE FIXLER(1),,,DOB contact on 43 sites - likely filing rep,
B,48,500 W 218th Street,Prestige Construction,Dave Chaz,,83,83,"500 WEST 218 STREET, New York, NY, USA",1022430273,"approved, not yet permitted",New Building,2026-07-24,BEACON 1 HOLDINGS LLC,"1449 37TH ST STE 320 , BROOKLYN NY 112184382",2025-09-08,3440000,CHARLES WURZBERGER,MIXED,57,53,2,50 LINCOLN LLC(1); HARRY DREYFUSS(1),,,DOB contact on 26 sites - likely filing rep; CHARLES WURZBERGER appears on 3 entities in this list - expediter,
B,253,1445 Fulton Street,Blue Sky,Dave Chaz,,80,80,"1445 FULTON STREET, Brooklyn, NY, USA",3018540040,demo permitted 2026-04; NB not yet filed (80u planned),,2024-12-09,1445 LOFTS LLC,"100-A BROADWAY, SUITE 456 , BROOKLYN NY 11249",2024-04-18,1833333.33,JACOB FULOP,THIRD-PARTY USER,24,10,13,96TH LOFTS LLC(1); 631 EAST 6 NYC LLC(1); 61 LOFTS LLC(1),,,DOB contact on 29 sites - likely filing rep,Fulop 10/13 third-party but agents look like sister LLCs; pre-NB (demo permitted 4/2026)
B,428,8 Howard Ave,Preferred Builders,Lipa Goldman,,55,9,"8 HOWARD AVENUE, Brooklyn, NY, USA",3014810039,"approved, not yet permitted",New Building,2026-08-23,8 HOWARD NY LLC,"670 MYRTLE AVE SUITE 515 , BROOKLYN NY 11205",2025-08-12,2900000,CHAIM FUCHS,UNKNOWN (mail-drop office),0,0,0,,,,CHAIM FUCHS appears on 3 entities in this list - expediter,
B,331,"219 Harman St, Brooklyn, NY 11237",City Builders,Lipa Goldman,,53,,"219 HARMAN STREET, Brooklyn, NY, USA",3032770012,"approved, not yet permitted",New Building,2026-08-18,219 HARMAN LLC,"131 7TH AVENUE SUITE 228, NEW YORK NY 10011",2026-04-30,0,DAVID HALBERSTAM,NO HPD HISTORY (entity office),0,0,0,,,,DAVID HALBERSTAM appears on 3 entities in this list - expediter,Halberstam person test 9/2 self-leaning; entity office empty (PO box)
B,32,275 20th st,Builders Group USA,Lipa Goldman,,51,51,"275 20 STREET, Brooklyn, NY, USA",3008850058,signed-off / complete,Alteration,2026-08-07,275 20TH STREET LLC,"4118 14TH AVENUE, SUITE 108 , BROOKLYN NY 11219",2025-01-13,6350000,YITZCHOK SALAMON,MIXED,32,30,2,HERMAN ASKAL(2),,,,
B,167,4115 Hubbard Pl,Shia Klien,Lipa Goldman,,51,51,"4115 HUBBARD PLACE, Brooklyn, NY, USA",3078130159,unknown,,2026-06-09,4115 HUBBARD PLACE LLC,"874 HANCOCK STREET , BROOKLYN NY 11233",2026-05-18,2770000,YITZI SALAMON,MIXED,32,30,2,HERMAN ASKAL(2),,,DOB contact on 72 sites - likely filing rep,
B,39,282 4th Ave,bruklyn builders,Josh,,48,48,"282 4 AVENUE, Brooklyn, NY, USA",3004560032,signed-off / complete,New Building,2026-08-19,282 4TH AVE OWNER LLC,"1213 ROGERS AVENUE, 1ST FLOOR , BROOKLYN NY 11226",2024-12-31,7850000,DAVID HALBERSTAM,MIXED,11,9,2,1132 BROADWAY LLC(1); 155 SMITH STREET LLC(1),,,,
B,182,1827 Waterloo Pl | PTAC Units,Builders Group USA,Lipa Goldman,,46,147,"1827 WATERLOO PLACE, Bronx, NY, USA",2029580054,"approved, not yet permitted",New Building,2026-08-05,1827 WATERLOO LLC,"670 MYRTLE AVE, UNIT 379 , BROOKLYN NY 11205",2023-05-10,1740000.00,SOL SCHWIMMER,MIXED,39,32,7,HERMAN ASKAL(3); TWIN GROUP ASSOCIATES INC(3); THE GEORGE UNITS LLC(1),,,,
B,81,1827 Waterloo Pl,Builders Group USA,Lipa Goldman,,46,45,"1827 WATERLOO PLACE, Bronx, NY, USA",2029580054,"approved, not yet permitted",New Building,2026-08-05,1827 WATERLOO LLC,"670 MYRTLE AVE, UNIT 379 , BROOKLYN NY 11205",2023-05-10,1740000.00,SOL SCHWIMMER,MIXED,39,32,7,HERMAN ASKAL(3); TWIN GROUP ASSOCIATES INC(3); THE GEORGE UNITS LLC(1),,,,
B,12,53-04 Rockaway Beach Blvd - PTAC,MJH Developers,Dave Chaz,,45,71,"53-04 ROCKAWAY BEACH BOULEVARD, Edgemere, NY, USA",4158900013,permitted 2026-09-01 (under construction),New Building,2026-09-02,ROCKAWAY BEACH BH LLC,"8 BEER SHEVA, UNIT 201 , MONROE NY 10950",2026-03-30,2400000,HERMAN JACOB,MIXED,7,6,1,APBS MANAGEMENT CORP(1),,,,
B,241,1299 Findlay Ave PTACs + Appliances,Builders Group USA,Lipa Goldman,,42,42,"1299 FINDLAY AVENUE, Bronx, NY, USA",2027830080,filed (Plan Examiner Review),New Building,2026-08-20,321 E 169 LLC,"5314 16TH AVE, NUM 103 , BROOKLYN NY 11204",2025-12-15,999999,WILLIAM MIRANDA,MIXED,8,5,3,HOGAR INC(1); MHR MANAGEMENT(1); JUDAH PASHKUS(1),,,DOB contact on 326 sites - likely filing rep,
B,72,1432 Vyse Ave,Prestige Construction,Dave Chaz,,36,,"1432 VYSE AVENUE, Bronx, NY, USA",2029940015,signed-off / complete,Alteration,2026-06-15,VYSE HOUSE LLC,"1274 49 STREET APT 444, BROOKLYN NY 11219",2024-10-30,1010000,ABRAHAM POSNER,MIXED,16,14,1,BROOKLYN BASE(1),,,,
B,188,3073 Barker Ave Bronx,Everbuilt NYC,Josh,,25,,"3073 BARKER AVENUE, Bronx, NY, USA",2045430027,signed-off / complete,Alteration,2026-02-05,3073 BARKER AVENUE LLC,"1303 SEAWANE DR , HEWLETT NY 115572600",2018-06-06,660000,ELENA BOROKHOVICH,MIXED,3,2,1,2279 BARKER AVE LLC(1),,False,,
B,104,2683 Creston Avenue Bronx ny,Ktappliance,Josh,,22,,"2683 CRESTON AVENUE, Bronx, NY, USA",2033160056,signed-off / complete,New Building,2025-11-11,2683 CRESTON LLC,"33 SCOTT ROAD , GREENWICH CT 06831",2024-11-21,975000,ERJON PACAJ,THIRD-PARTY USER (thin),2,1,1,WEST LLC(1),,,,
B,365,525 St. Marks Avenue,Prestige Construction,Dave Chaz,,22,15,"525 SAINT MARK'S AVENUE, Brooklyn, NY, USA",3011490061,signed-off / complete,Alteration,2026-08-25,525 ST MARKS HOLDINGS LLC,"1449 37TH ST STE 320, BROOKLYN NY 11218",2025-07-28,1000,CHARLES WURZBERGER,MIXED,57,53,2,50 LINCOLN LLC(1); HARRY DREYFUSS(1),,,DOB contact on 26 sites - likely filing rep; CHARLES WURZBERGER appears on 3 entities in this list - expediter,
B,100,307 Beach 67 - Appliances,MJH Developers,Dave Chaz,,18,,"307 BEACH 67 STREET, Arverne, NY, USA",4159150073,signed-off / complete,New Building,2026-08-12,BEACH STREET 68 LLC,"6 MINKACH WAY, SUITE 301 , MONROE NY 10950",2025-11-25,825000,GAGANDEEP SINGH,NO HPD HISTORY (entity office),0,0,0,,,,DOB contact on 500 sites - likely filing rep; GAGANDEEP SINGH appears on 6 entities in this list - expediter,
B,99,3-06 Beach 68 - Appliances,MJH Developers,Dave Chaz,,18,,"3-06 Beach 68th St, Arverne, NY 11692, USA",4159150024,signed-off / complete,New Building,2026-07-08,BEACH STREET 68 LLC,"6 MINKACH WAY, SUITE 301 , MONROE NY 10950",2025-11-25,825000,GAGANDEEP SINGH,NO HPD HISTORY (entity office),0,0,0,,,,DOB contact on 500 sites - likely filing rep; GAGANDEEP SINGH appears on 6 entities in this list - expediter,
B,421,292 e 51 st,kitchen Expo,Josh,,17,,"292 EAST 51 STREET, Brooklyn, NY, USA",3046560016,filed (Plan Examiner Review),New Building,2026-08-28,292 EAST 51 LLC,"543 BEDFORD AVENUE SUITE 283, BROOKLYN NY 11211",2025-11-21,0,SHLOMO KUBITSHUK,MIXED,210,67,11,TOM ROSENBERG(4); MOSES BRACH(1); 1185 HOLDINGS LLC(1); 1408 HOLDINGS LLC(1),,,,
B,187,936 college Ave Bronx,Ktappliance,Josh,,16,,"936 COLLEGE AVENUE, Bronx, NY, USA",2024230057,signed-off / complete,New Building,2026-02-24,PRELA BUSHI REALTY LLC,"3064 BUHRE AVE APT 3, BRONX NY 10461",2024-10-08,900000,PREL LUMAJ,NO HPD HISTORY,0,0,0,,,,,
B,49,729 Rogers Ave,Ador Builders LLC,Josh,,15,15,"729 ROGERS AVENUE, Brooklyn, NY, USA",3050850017,signed-off / complete,ALT-CO - New Building with Existing Elements to Remain,2026-02-25,YEH GROUP 729 ROGERS LLC,"431 DEKALB AVENUE , BROOKLYN NY 11205",2023-07-31,900000.00,GAGANDEEP SINGH,THIRD-PARTY USER,8,1,5,SAMIRA RAJAN(1); GC NY PROPERTY GROUP LLC(1); GAGANDIP SINGH(1),,,DOB contact on 500 sites - likely filing rep; GAGANDEEP SINGH appears on 6 entities in this list - expediter,
B,113,1976 Needham Ave,Builders Group USA,Lipa Goldman,,15,15,"1976 NEEDHAM AVENUE, Bronx, NY, USA",2048940123,signed-off / complete,New Building,2026-03-05,1978 NEEDHAM AVE LLC,"1420 57TH STREET , BROOKLYN NY 11219",2026-04-27,0,WILLIAM MIRANDA,NO HPD HISTORY (thin),2,0,0,,Herman Askal,False,DOB contact on 326 sites - likely filing rep,
B,43,735 Howard Ave.,MJH Developers,Dave Chaz,,10,10,"735 HOWARD AVENUE, Brooklyn, NY, USA",3035510021,signed-off / complete,Alteration,2026-07-30,735 ARM LLC,"735 HOWARD AVENUE , BROOKLYN NY 11212",2026-01-06,810000,JOE SCHWIMMER,THIRD-PARTY USER,5,2,2,MORRIS GELBSTEIN(2),,,,
B,384,1060 Clay Ave - Appliances,MJH Developers,Josh,,10,10,"1060 CLAY AVENUE, Bronx, NY, USA",2024250012,permitted 2026-06-08 (under construction),ALT-CO - New Building with Existing Elements to Remain,2026-01-06,1060 CLAY LLC,"183 WILSON STREET, #185 , BROOKLYN NY 11211",2024-08-14,725000,ARON HARFENES,UNKNOWN (mail-drop office),0,0,0,,,,ARON HARFENES appears on 4 entities in this list - expediter,
B,51,181 McGuinness Blvd,MJH Developers,Dave Chaz,,10,10,"181 MCGUINNESS BOULEVARD, Brooklyn, NY, USA",3025990020,filed (Objections),ALT-CO - New Building with Existing Elements to Remain,2026-06-04,YEH GROUP 181 MCGUINNES LLC,"431 DEKALB AVENUE , BROOKLYN NY 11205",2023-08-30,1700000.00,YOSEF ELIAV,MIXED,7,5,2,EJS EQUITIES LLC(1); WILLIAMSBURG PROPERTY MANAGEMENT LLC(1),,False,,
B,102,1040 Washington Ave,MJH Developers,Lipa Goldman,,10,,"1040 WASHINGTON AVENUE, Bronx, NY, USA",2023700001,permitted 2026-05-07 (under construction),Alteration,2026-05-21,AHY WASHINGTON LLC,"400 RELLA BOULEVARD, SUITE 170 , MONTEBELLO NY 10901",2025-03-27,668800,ISAAC FRIEDMAN,MIXED,6,5,1,JOE BRAHA(1),,,,
B,386,181 Mcguinns blvd - Ador,Ador Builders LLC,Josh,,10,10,"181 MCGUINNESS BOULEVARD, Brooklyn, NY, USA",3025990020,filed (Objections),ALT-CO - New Building with Existing Elements to Remain,2026-06-04,YEH GROUP 181 MCGUINNES LLC,"431 DEKALB AVENUE , BROOKLYN NY 11205",2023-08-30,1700000.00,YOSEF ELIAV,MIXED,7,5,2,EJS EQUITIES LLC(1); WILLIAMSBURG PROPERTY MANAGEMENT LLC(1),,False,,
B,328,193 Graham Ave NY,193 Graham Ave NY,Lipa Goldman,,10,,"193 GRAHAM AVENUE, Brooklyn, NY, USA",3030430019,signed-off / complete,ALT-CO - New Building with Existing Elements to Remain,2026-08-05,193 GRAHAM LLC,"446 MARCY AVE APT 5C , BROOKLYN NY 11206",2025-01-29,2500000,YEHUDA KOHN,MIXED,16,11,4,1330 ST JOHNS PLACE LLC(1); STANHOPE REALTY NY LLC(1); 355 GROVE LLC(1),,,DOB contact on 30 sites - likely filing rep,
B,117,764 Saratoga Ave,MJH Developers,Lipa Goldman,,10,10,"764 SARATOGA AVENUE, Brooklyn, NY, USA",3035680050,unknown,,2026-07-09,AHY 764 SARATOGA LLC,"400 RELLA BOULEVARD, SUITE 170 , MONTEBELLO NY 10901",2025-12-30,715000,ISAAC FRIEDMAN,MIXED,6,5,1,JOE BRAHA(1),,,,
B,186,1523 East 172nd St,MJH Developers,Lipa Goldman,,10,6,"1523 EAST 172 STREET, Bronx, NY, USA",2038630007,signed-off / complete,Alteration,2026-08-26,"DAVIS, JOHN","1523 EAST 172ND STREET , BRONX NY 10472",2026-01-13,10,HERMAN RUBIN,MIXED,25,19,4,WASHINGTON TOWERS LLC(4),,False,,
C,420,180 East 125th St - Yanky Schwimmer,Prestige Construction,Dave Chaz,,614,711,"180 EAST 125 STREET, New York, NY, USA",1017730027,"approved, not yet permitted",Alteration,2026-08-20,180 E125 PROPCO LLC,"199 LEE AVENUE #1088 , BROOKLYN NY 11211",2024-11-25,70000000,JACOB SCHWIMMER,MIXED,23,19,4,JOSEPH KLEIN(3); THE GEORGE UNITS LLC(1),,,,Schwimmer family: 19/23 self + 59 Montrose office 27/0 self; 614u worth one call anyway
C,286,250 Water Street - NYC (ON HOLD),Consigli,Kemper,,600,600,"250 WATER STREET, New York, NY, USA",1000980001,filed (Plan Examiner Review),New Building,2026-08-26,250 WATER STREET OWNER LLC,"19 WEST 24TH STREET, 12TH FLOOR , NEW YORK NY 10010",2026-02-05,143000000,DOV BARNETT,NO HPD HISTORY,0,0,0,,,,,"Howard Hughes / Seaport condo, on hold - institutional, not a fit"
C,15,1580 Story Ave,B Contractors Group LLC,Dave Chaz,,562,1124,"1580 Story Avenue, The Bronx, NY, USA",2036270001,NB 220700873 (BIS) permitted 2025; $60M land 6/2025,NB,,SOUNDVIEW EMPIRE LLC,"1660 49TH STREET , BROOKLYN NY 11204",2025-06-20,60000000,SOUNDVIEW EMPIRE LLC,SELF-MANAGER,50,50,0,,,,,"SELF-MANAGER: Soundview Empire office (1660 49th St) registers 50 bldgs, 50/50 self-managed"
C,232,"5700 Arlington Ave, Bronx, NY 10471",QuPro,Lipa Goldman,,437,,"5700 ARLINGTON AVENUE, Bronx, NY, USA",2059530038,signed-off / complete,Alteration,2026-07-23,,,,,CHRISTOPHER ALKER,SELF-MANAGER,399,60,0,,"AKAM ASSOCIATES, INC.",True,DOB contact on 354 sites - likely filing rep,
C,297,388 Bridge Street,Krieger Real Estate,Kemper,,370,,"388 BRIDGE STREET, Brooklyn, NY, USA",3001527501,signed-off / complete,Alteration,2024-05-24,,,,,ROGER FORTUNE,NO HPD HISTORY (thin),1,0,0,,FirstService Residential,True,,
C,248,355 Lexington Ave,Turner Construction Company,Kemper,,297,297,"355 LEXINGTON AVENUE, New York, NY, USA",1012950023,"approved, not yet permitted",Alteration,2026-08-27,355 LEXINGTON LLC,"345  PARK AVENUE , NEW YORK NY 10154",1999-04-30,0,PAUL MANDEL,SELF-MANAGER,3,2,0,,,,,
C,263,37-09 36th Street & 35-43 37th Street,Prestige Construction,Dave Chaz,,198,198,"37-09 36 STREET, Long Island City, NY, USA",4003780001,unknown,,2026-02-17,"3601 NORTHERN BLVD, LLC","36-11 NORTHERN BOULEVARD , LONG ISLAND CITY NY 11101",2015-12-09,10,BARRY STOLER,NO HPD HISTORY,0,0,0,,,,,auto dealership rooftop - not residential
C,98,729 VAN SINDEREN AVENUE,Pyramid Builders NY,Dave Chaz,Arya Stein,193,193,"729 VAN SINDEREN AVENUE, Brooklyn, NY, USA",3038650009,filed (Plan Examiner Review),New Building,2026-08-19,CALMER THAN YOU ARE LLC,"217 HAVEMEYER STREET 4TH FLOOR, BROOKLYN NY 11211",2025-10-22,0,REBECCA CHATTERAM,SELF-MANAGER (thin),2,1,0,,,,,
C,30,1810 Randall Ave,Omni Build,Kemper,,180,182,"1810 RANDALL AVENUE, Bronx, NY, USA",2035220038,filed (Plan Examiner Review),New Building,2026-04-27,SECOND PENTECOSTAL CHURCH OF GOD LA HERMOSA,",",1976-03-17,0,PETER SERPICO,SELF-MANAGER,5,5,0,,,,,
C,173,254 West 35 Appliance,SUNSHINE CONSTRUCTION,Josh,,166,171,"254 WEST 35 STREET, New York, NY, USA",1007840071,"Alt-CO office->resi conversion, approved 2026-08-18",,2026-08-18,254 WEST 35 HOLDINGS LLC,"84 14TH STREET, 4TH FLOOR , BROOKLYN NY 11215",2026-02-02,26219000,BILLUR AKIPEK,SELF-MANAGER,16,16,0,,,,,"SELF-MANAGER: 84 14th St office registers 16 bldgs, 16/16 self-managed (Jack Poll)"
C,38,303 E 44 Appliances,bruklyn builders,Josh,,131,131,"303 EAST 44 STREET, New York, NY, USA",1013370105,signed-off / complete,Alteration,2026-08-27,303 EAST 44TH ST LLC,"1213 ROGERS AVENUE, 1ST FLOOR , BROOKLYN NY 11226",2025-09-11,0,DAVID HALBERSTAM,MIXED,11,9,2,1132 BROADWAY LLC(1); 155 SMITH STREET LLC(1),East 44 Street LLC,True,,
C,193,2111 White Plains Road,Atlantis Development Inc,Josh,,124,251,"2111 WHITE PLAINS ROAD, Bronx, NY, USA",2042860040,filed (Objections),Alteration,2026-08-23,2111 WHITE PLAINS LLC,"1602 HERING AVENUE , BRONX NY 10461",2024-08-12,7905000,ROBERT LUMAJ,SELF-MANAGER,5,5,0,,,,,
C,401,516 Bergen Street,Apex Building Group,Lipa Goldman,,123,123,"516 BERGEN STREET, Brooklyn, NY, USA",3011430025,"approved, not yet permitted",New Building,2026-04-23,CITY OF NEW YORK,",",1977-10-21,0,LEE BRATHWAITE,CITY-OWNED / AFFORDABLE,88,1,59,1040608 WEST 139TH ST  TA(2); SHEREE BUNYAN(2); 503505 WEST147 STREET TA(1),,,,City-owned HPD RFP site (affordable) - different motion
C,90,260 W 126th St,Heartfelt Builders,Lipa Goldman,,120,120,"260 WEST 126 STREET, New York, NY, USA",1019310056,"approved, not yet permitted",New Building,2026-02-06,,,,,JOEL WEISS,SELF-MANAGER,17,17,0,,,,DOB contact on 50 sites - likely filing rep,
C,5,1800 Park - Clipper,Manhattan Mgmt,Dave Chaz,,99,693,"1800 PARK AVENUE, New York, NY, USA",1017490033,filed (Objections),New Building,2026-08-05,1800 PARK PROPERTY OWNER LLC,"C/O CLIPPER EQUITY 4611 12TH AVENUE, SUITE 1L, BROOKLYN NY 11219",2025-11-25,50000000,YOEL BARMINKA,NO HPD HISTORY,0,0,0,,,,,Clipper Equity bought 11/2025 for $50M - Clipper Realty manages in-house
C,9,114 Bruckner Blvd,Rubin Equities,Dave Chaz,,99,99,"114 BRUCKNER BOULEVARD, Bronx, NY, USA",2022770005,permitted 2026-08-19 (under construction),New Building,2026-08-19,114 BRUCKNER REALTY LLC,"670 MYRTLE AVENUE SUITE 575, BROOKLYN NY 11205",2025-11-12,7000000,SAM RUBIN,MIXED,21,19,2,FRONTGATE MANAGEMENT INC(1); FRONTGATE MANAGEMENT(1),,,,Rubin Equities (Sam Rubin) 19/21 self-managed
C,245,277 North 8 Appliances,Blue Sky,Josh,,99,99,"277 NORTH 8 STREET, Brooklyn, NY, USA",3023150033,unknown,,2025-07-30,THE ROMAN CATHOLIC CHURCH OF OUR LADY,"OF MOUNT CARMEL, IN THE BOROUGH OF BROOKLYN, IN THE CITY OF NEW YORK, 275 NORTH 8TH STREET, BROOKLYN NY 11211",2026-03-31,0,EMILY FIERO,NO HPD HISTORY,0,0,0,,,,,Diocese (Rocklyn Asset) church site - likely affordable/senior
C,26,1655 1st Ave,B Contractors Group LLC,Dave Chaz,,99,198,"1655 1 AVENUE, New York, NY, USA",1015490024,filed (Chief Plan Examiner/ Assistant Chief Plan Examiner Review),New Building,2026-08-18,EAST 86 REALTY LLC,"59 MONTROSE AVENUE , BROOKLYN NY 11206",2025-02-28,50000000,CHESKEL SCHWIMMER,SELF-MANAGER,29,27,0,,KEYSTONE PROPERTY MANAGEMENT,True,,
C,225,42-08 35th Ave,Heartfelt Builders,Lipa Goldman,,99,234,"42-08 35 AVENUE, Long Island City, NY, USA",4006710012,"approved, not yet permitted",New Building,2026-06-12,42-08 35TH OWNER LLC,"C/O:. THE HAKIMIAM ORGANIZATION 8 WEST 40TH STREET, 6TH FLOOR, NEW YORK NY 10018",2024-01-16,15800000,JOEL WEISS,SELF-MANAGER,17,17,0,,,,DOB contact on 50 sites - likely filing rep,
C,222,234 Clarkson Ave,City Builders,Lipa Goldman,,99,198,"230 CLARKSON AVENUE, Brooklyn, NY, USA",3050660023,"approved, not yet permitted",New Building,2026-08-20,SASSAN ASSETS LLC,"97-09 64TH ROAD SUITE 2 , REGO PARK NY 11374",2025-07-10,0,LOUIS HANDLER,SELF-MANAGER (thin),1,1,0,,,,,
C,410,56 Meserole St,City Builders,Lipa Goldman,,99,,"56 MESEROLE STREET, Brooklyn, NY, USA",3030500008,filed (Objections),New Building,2026-08-10,MESEROLE LORIMER REALTY LLC,"199 LEE AVENUE #103, BROOKLYN NY 11211",2026-01-28,15500000,MOSHE SCHWIMMER,SELF-MANAGER (thin),1,1,0,,,,,
C,213,372 Livingston St,Developing NYs,Dave Chaz,,99,297,"372 LIVINGSTON STREET, Brooklyn, NY, USA",3001670016,signed-off / complete,New Building,2026-08-03,JJJ LIVINGSTON LLC,"C/O: ISJ MANAGEMENT 110 WEST 34TH STREET, 9TH FLOOR, NEW YORK NY 10001",2022-08-25,0.00,JOSHUA STEINBERG,SELF-MANAGER (thin),1,1,0,,GOOSE PROPERTY MANAGEMENT LLC,True,DOB contact on 55 sites - likely filing rep,
C,69,333 Maple Street,Prestige Construction,Dave Chaz,,97,97,"333 MAPLE STREET, Brooklyn, NY, USA",3047910001,"approved, not yet permitted",New Building,2026-08-06,THE ROMAN CATHOLIC CHURCH OF ST. FRANCIS OF ASSISI,"IN THE BOROUGH OF BROOKLYN, IN THE CITY OF NEW YORK, 319 MAPLE STREET, BROOKLYN NY 11225",2025-07-29,0,CHARLES WURZBERGER,SELF-MANAGER,5,5,0,,,,DOB contact on 26 sites - likely filing rep; CHARLES WURZBERGER appears on 3 entities in this list - expediter,
C,29,Hillside Avenue Residence,The Penta Group,Kemper,,94,94,"185-19 HILLSIDE AVENUE, Jamaica Estates, NY, USA",4099540056,"approved, not yet permitted",New Building,2026-04-07,185 HILLSIDE HOUSING DEVELOPMENT FUND CORPORATION,"1268 EAST 14TH STREET , BROOKLYN NY 11230",2025-03-27,7050000,HOWARD LORCH,MIXED,4,3,1,OHEL CHILDRENS HOME FAMILY SERVICES INC(1),,,,HDFC / Ohel - affordable nonprofit
C,181,1916 Longfellow ave,Atlantis Development Inc,Josh,,93,93,"1916 LONGFELLOW AVENUE, Bronx, NY, USA",2030160033,permitted 2026-05-04 (under construction),Alteration,2026-04-27,1916 LONGFELLOW LLC,"1602 HERING AVE , BRONX NY 10461",2024-09-05,0,ROBERT LUMAJ,SELF-MANAGER,5,5,0,,,,,
C,198,670 - 682 Thoms. S. Boyland - PTACs,Rock Builders,Dave Chaz,,86,276,"670 THOMAS S BOYLAND STREET, Brooklyn, NY, USA",3035570045,"approved, not yet permitted",New Building,2026-08-07,NEP 770 LLC,"361 VAN SINDEREN AVENUE , BROOKLYN NY 11207",2015-12-22,4500000,ZEV MAYER,SELF-MANAGER,13,13,0,,,,DOB contact on 34 sites - likely filing rep,
C,309,670 - 688 Thomas S. Boyland. RFB. Appliances,Rock Builders,Dave Chaz,,86,34,"670 THOMAS S BOYLAND STREET, Brooklyn, NY, USA",3035570045,"approved, not yet permitted",New Building,2026-08-07,NEP 770 LLC,"361 VAN SINDEREN AVENUE , BROOKLYN NY 11207",2015-12-22,4500000,ZEV MAYER,SELF-MANAGER,13,13,0,,,,DOB contact on 34 sites - likely filing rep,
C,21,2512 Bronx Park East,Lead It Builders,Lipa Goldman,,83,84,"2512 BRONX PARK EAST, Bronx, NY, USA",2044270012,signed-off / complete,New Building,2026-06-16,2512 ALLERTON REALTY LLC,"14 S. BROADWAY APT. 51A, IRVINGTON NY 10533",2024-11-18,3000000,FILOMENA MATOSHI,NO HPD HISTORY,0,0,0,,FRANCO SUKAJ,True,,
C,319,581 East 161 St- Appliances A.A.D,A.A.D Construction Corp.,Victor Orozco,,83,,"581 EAST 161 STREET, Bronx, NY, USA",2026200050,filed (Plan Examiner Review),New Building,2026-08-12,HOGAR EAGLE GARDENS HOUSING DEVELOPMENT FUND CORP,"787 EAST 156TH STREET , BRONX NY 10455",2023-11-30,3350000.00,EDWARD POPPITI,SELF-MANAGER (thin),2,2,0,,,,,
C,226,333 West 52nd,Press Builders,Josh,,79,79,"333 WEST 52 STREET, New York, NY, USA",1010430013,unknown,,2026-08-19,FEFSCO INC,"501  FIFTH AVE , MANHATTAN CITY NY 10017",1985-09-12,0,ADAM ABRAMSON,SELF-MANAGER (thin),1,1,0,,,,,
C,372,143-24 94th Ave,Heartfelt Builders,Lipa Goldman,,74,,"143-24 94 AVENUE, Jamaica, NY, USA",4099920038,"approved, not yet permitted",New Building,2026-05-28,"N.Y. LIMA, LLC","9 FROG POND ROAD , HUNTINGTON STATION NY 11746",2004-04-16,700000,JOEL WEISS,SELF-MANAGER,17,17,0,,,,DOB contact on 50 sites - likely filing rep,
C,404,ZALIA - The Briarwood Organization,"The Briarwood Organization, LLC",Victor Orozco,,69,96,"543 EAST 181 STREET, Bronx, NY, USA",2030480055,filed (Objections),New Building,2026-03-03,"PIBLY RESIDENTIAL PROGRAMS, INC.","2415 WESTCHESTER AVENUE , BRONX NY 10461",2023-02-16,2194364.00,PATRICIA ALFANO,SELF-MANAGER (thin),1,1,0,,,,,
C,147,East Tremont development,"The Briarwood Organization, LLC",Victor Orozco,,64,64,"1888 Crotona Avenue, The Bronx, NY, USA",2029500016,unknown,,,EBENEZER UTD PENTE CHRCH,"3530  DECATUR AVE , BRONX NY 00000",1990-08-31,0,EBENEZER UTD PENTE CHRCH,NO HPD HISTORY,0,0,0,,,,,church-sponsored (Ebenezer) - likely affordable nonprofit
C,422,750 Rockaway,A.A.D Construction Corp.,Victor Orozco,,61,,"750 ROCKAWAY AVENUE, Brooklyn, NY, USA",3035890043,signed-off / complete,Alteration,2026-08-20,HIRE-DONA ROSITA II HOUSING DEVELOPMENT FUND,"CORPORATION 989 AVENUE OF THE AMERICAS, NEW YORK NY 10018",2004-06-23,5,MICHAEL ODONNELL,SELF-MANAGER,7,7,0,,"COMUNILIFE, INC.",True,,
C,279,247 E 117th St -  WAITING ON KITCHEN SPECS,Emerald Developers,Dave Chaz,,60,60,"247 EAST 117 STREET, New York, NY, USA",1016670120,permitted 2026-08-13 (under construction),Alteration,2026-08-27,CRYSTAL HOUSE AT EAST HARLEM LLC,"247 E 117TH ST , NEW YORK NY 10035",2025-03-31,4000000,JOEL LANDAU,SELF-MANAGER,15,10,0,,,False,DOB contact on 28 sites - likely filing rep,
C,19,344 Grand Course,Manhattan Mgmt,Dave Chaz,,59,65,"344 GRAND CONCOURSE, Bronx, NY, USA",2023410037,"approved, not yet permitted",New Building,2026-08-17,338-344 GRAND CONCOURSE LLC,"162 MANHATTAN AVENUE, 1ST FLOOR , BROOKLYN NY 11206",2025-02-27,3708400,ANSHEL FRIDMAN,SELF-MANAGER,20,20,0,,,,,
C,42,43-12 50th St - lemle wolff,Lemle & Wolff Development & Construction,Victor Orozco,,55,55,"43-12 50 STREET, Sunnyside, NY, USA",4001380025,permitted 2026-08-17 (under construction),New Building,2026-08-06,ELMCOR WOODSIDE HOUSING DEVELOPMENT FUND CORP,"3316 108 ST , CORONA NY 11368",2025-05-06,0,SAEEDA DUNSTON,THIRD-PARTY USER (thin),2,1,1,ELMCOR YOUTH AND ADULT ACTIVITIES INC(1),,,,Elmcor nonprofit; Lemle & Wolff is itself the manager
C,96,"3006 Williamsbridge Rd, Bronx",Blue Sky,Lipa Goldman,,55,55,"3006 WILLIAMSBRIDGE ROAD, Bronx, NY, USA",2045490019,signed-off / complete,New Building,2026-06-16,3006 WILLIAMSBRIGE LLC,"216 CONGERS RD BLDG 2-206 , NEW CITY NY 10956",2025-07-01,1228772.5,HERSHY SILBERSTEIN,MIXED,21,10,9,HIGH RIDGE MANAGEMENT(4); HERSHEL SILBERSTEIN(2); SARAH SILBERSTEIN(2),JACOb BRACh,True,DOB contact on 44 sites - likely filing rep,
C,431,1935 Bedford Ave,Lead It Builders,Ari Zilberman,,50,,"1931 BEDFORD AVENUE, Brooklyn, NY, USA",3050430005,"approved, not yet permitted",New Building,2026-08-10,BEDFORD 1935 DAF LLC,"C/O GOLDEN ARC, INC. 655 3RD AVENUE, 21ST FLOOR, BROOKLYN NY 11242",2025-02-28,6000000,IZCHAK NAFTALIN,SELF-MANAGER (thin),1,1,0,,,,,
C,151,70 Vestry,Toka Builders,Kemper,,46,1,"70 VESTRY STREET, New York, NY, USA",1002237502,signed-off / complete,Alteration,2026-06-02,,,,,JORDAN SASSON,NO HPD HISTORY,0,0,0,,RELATED MANAGEMENT,True,,
C,108,173 Lexington Ave,Ador Builders LLC,Josh,,44,,"173 LEXINGTON AVENUE, New York, NY, USA",1008860063,signed-off / complete,Alteration,2026-08-26,EAST SIDE AFFORDABLE HOUSING DEVELOPMENT FUND CORP,"C/O: MET COUNCIL 1 STATE STREET PLAZA, 24TH FLOOR, NEW YORK NY 10004",2025-09-25,0,DENA JOHNSONHERRERA,NO HPD HISTORY,0,0,0,,METROPOLITAN COUNCIL ON JEWISH POVERTY,False,,affordable (East Side Affordable Housing / MetCouncil)
C,18,979 Intervale Ave - Ptac,MJH Developers,Dave Chaz,,41,,"979 INTERVALE AVENUE, Bronx, NY, USA",2026990054,"approved, not yet permitted",New Building,2026-08-05,979 INTERVALE LLC,"P.O BOX 297 , MONROE NY 10949",2025-09-18,1800000,PRABHJIT SINGH,SELF-MANAGER (thin),2,1,0,,,,DOB contact on 500 sites - likely filing rep; PRABHJIT SINGH appears on 3 entities in this list - expediter,
C,374,979 Intervale Ave - Appliances,MJH Developers,Dave Chaz,,41,41,"979 INTERVALE AVENUE, Bronx, NY, USA",2026990054,"approved, not yet permitted",New Building,2026-08-05,979 INTERVALE LLC,"P.O BOX 297 , MONROE NY 10949",2025-09-18,1800000,PRABHJIT SINGH,SELF-MANAGER (thin),2,1,0,,,,DOB contact on 500 sites - likely filing rep; PRABHJIT SINGH appears on 3 entities in this list - expediter,
C,157,87-67 170th,MJH Developers,Josh,,40,39,"87-67 170 STREET, Jamaica, NY, USA",4098260049,signed-off / complete,Alteration,2026-08-24,87-67 170TH STREET LLC,"87-67 170TH STREET , JAMAICA NY 11432",2024-09-17,2400000,PRABHJIT SINGH,SELF-MANAGER (thin),2,1,0,,,,DOB contact on 500 sites - likely filing rep,
C,320,350 East 165 St Bronx PTACs,Builders Group USA,Lipa Goldman,,39,108,"350 EAST 165 STREET, Bronx, NY, USA",2024240013,filed (Plan Examiner Review),New Building,2026-07-16,CITY OF NEW YORK,"CITY HALL , NY NY 00000",1987-07-27,0,YITZI SALAMON,CITY-OWNED / AFFORDABLE,88,1,59,1040608 WEST 139TH ST  TA(2); SHEREE BUNYAN(2); 503505 WEST147 STREET TA(1),,,,City-owned HPD site (affordable)
C,277,506 East 94th St - PTAC Units,MJH Developers,Dave Chaz,,39,39,"506 EAST 94 STREET, Brooklyn, NY, USA",3046900073,filed (Plan Examiner Review),New Building,2026-08-05,50694 REALTY LLC,"23 JULIANA PLACE, APT. #4 , BROOKLYN NY 11249",2025-04-09,999000,JOE SCHWIMMER,SELF-MANAGER,6,6,0,,Dennis NMECHA,False,,
C,17,3963 Saxon,MJH Developers,Dave Chaz,,38,,"3963 SAXON AVENUE, Bronx, NY, USA",2032520175,signed-off / complete,New Building,2026-05-20,3963 SAXON LLC,"365 FLUSHING AVENUE, #610 , BROOKLYN NY 11205",2025-04-29,1540000,YOSEF BEER,MIXED,27,22,5,GOLDEN GATE MANAGEMENT(5),Eli Fisher,True,,
C,329,"242 19th Street, Brooklyn - DAVID.E",Newark-Flooring,Dave Chaz,David Ettelson,37,37,"242 19 STREET, Brooklyn, NY, USA",3008850005,signed-off / complete,New Building,2026-06-10,"PSZ5, LLC","C/O: BORIS SAKS, ESQ. 1732 EAST 12TH STREET, BROOKLYN NY 11229",2024-02-20,11400000,ALEKSANDR ZALTSMAN,NO HPD HISTORY,0,0,0,,BAROUCH ELKAIM,True,,
C,162,1351 Dekalb Ave,Lead It Builders,Lipa Goldman,,35,32,"1351 DEKALB AVENUE, Brooklyn, NY, USA",3032340050,signed-off / complete,Alteration,2026-06-30,BK 38TH LENDER LLC,"C/O: WACHTEL MISSRY LLP 885 SECOND AVE 47TH FL, NEW YORK NY 10017",2023-12-07,1000.00,JOEL STEINMETZ,SELF-MANAGER,3,3,0,,,,DOB contact on 38 sites - likely filing rep,
C,280,221 Wythe Avenue,Prestige Construction,Lipa Goldman,,30,30,"229 WYTHE AVENUE, Brooklyn, NY, USA",3023580001,"approved, not yet permitted",New Building,2026-08-26,221 WYTHE LLC,"365 FLUSHING AVE SUITE 711 , BROOKLYN NY 11205",2025-07-23,12500000,YOEL SCHWIMMER,SELF-MANAGER (thin),2,2,0,,,,,
C,123,773 E 183rd st.,Ktappliance,Josh,,28,,"773 EAST 183 STREET, Bronx, NY, USA",2031140041,signed-off / complete,Alteration,2025-06-09,773 EAST 183 STREET LLC,"2027 WILLIAMSBRIDGE RD SUITE 2001, BRONX NY 10461",2023-10-13,0.00,GJOVAN RROKU,THIRD-PARTY USER,4,2,2,KLAUDIO RROKU(1); NEW LINE PROPERTY MANAGMENT(1),NEW LINE PROPERTY MANAGEMENT,True,,
C,183,1004 Woodycrest ave - Ptacs,Skylar Properties,Josh,,26,25,"1004 WOODYCREST AVENUE, Bronx, NY, USA",2025080003,signed-off / complete,New Building,2026-08-12,SKYLAR PROPERTIES LLC,"172 EAST 91ST STREET APT 2B , NEW YORK NY 10128",2025-03-28,1200000,ARMIN JADADIC,SELF-MANAGER (thin),2,2,0,,,,,
C,171,1329 Findlay - Ptacs,,Lipa Goldman,,26,26,"1329 FINDLAY AVENUE, Bronx, NY, USA",2027830065,unknown,,2026-07-13,1329 FINDLAY AVE LLC,"670 MYRTLE AVENUE, STE 6262 , BROOKLYN NY 11205",2026-01-20,1325000,JOSEPH KLEIN,SELF-MANAGER,13,13,0,,,,,
C,127,885 Fox St,R&A REMODELING LLC,Josh,,25,32,"885 FOX STREET, Bronx, NY, USA",2027110084,filed (Plan Examiner Review),New Building,2026-09-02,885 FOX REALTY LLC,"885 FOX ST , BRONX NY 104595110",2025-02-24,995000,REMZI KURBOGAJ,SELF-MANAGER (thin),2,2,0,,,,,
C,177,"240 Broadway, Brooklyn - MJH",MJH Developers,Dave Chaz,,24,28,"240 BROADWAY, Brooklyn, NY, USA",3021400013,signed-off / complete,Alteration,2026-08-05,240 BROADWAY PROPERTY LLC,"C/O:. MASHAAL & ASSOCIATES PLLC 245 PARK AVENUE, 39TH FLOORR, NEW YORK NY 10167",2019-05-06,20100000.00,JASON BEHFARIN,SELF-MANAGER (thin),1,1,0,,ZB CAPITAL GROUP LLC,True,,
C,10,433 Sackett St,Everbuilt NYC,Josh,,22,,"433 SACKETT STREET, Brooklyn, NY, USA",3004230065,signed-off / complete,Alteration,2026-08-17,,,,,JOSEPH GRIMALDI,SELF-MANAGER (thin),1,1,0,,,,,
C,65,1407-1409 Nelson Ave,Owners GC NY LLC,Josh,,22,,"1407 NELSON AVENUE, Bronx, NY, USA",2028740157,signed-off / complete,ALT-CO - New Building with Existing Elements to Remain,2026-08-07,NELSON SUNSHINE LLC,"543 BEDFORD AVENUE SUITE 309, BROOKLYN NY 11211",2025-05-06,1350000,JOEL WEISS,SELF-MANAGER,17,17,0,,Nelson Sunshine LLC,True,DOB contact on 50 sites - likely filing rep,
C,217,1259 st marks,Everbuilt NYC,Josh,,21,21,"1259 SAINT MARK'S AVENUE, Brooklyn, NY, USA",3013560075,signed-off / complete,New Building,2026-07-14,1259 ST MARKS LLC,"PO BOX 924 , MONSEY NY 10952",2025-02-07,1800000,JOEL MENDLOWITZ,SELF-MANAGER (thin),1,1,0,,Moses Rabinovitz,True,,
C,61,997 Rogers Ave,MJH Developers,Dave Chaz,,18,18,"997 ROGERS AVENUE, Brooklyn, NY, USA",3051380054,signed-off / complete,Alteration,2026-08-26,997 ROGERS LLC,"997 ROGERS AVENUE , BROOKLYN NY 11226",2024-03-26,1500000,CHESKY WEISS,SELF-MANAGER,5,5,0,,,,,
C,246,809 MIDWOOD STREET,809 MIDWOOD STREET,Lipa Goldman,,18,20,"809 MIDWOOD STREET, Brooklyn, NY, USA",3045890129,signed-off / complete,Alteration,2025-12-26,MIDWOOD RESIDENTS LLC,"130 LEE AVE SUITE 475, BROOKLYN NY 11211",2024-02-27,1500000,JOSEPH HOROWICZ,SELF-MANAGER (thin),2,2,0,,Management Plus,True,,
C,62,919 Freeman Street,MJH Developers,Dave Chaz,,15,,"919 FREEMAN STREET, Bronx, NY, USA",2029760041,"approved, not yet permitted",New Building,2026-05-29,1283 LN LLC,"PO BOX 297 , MONROE NY 10949",2025-03-11,860000,PRABHJIT SINGH,SELF-MANAGER (thin),2,1,0,,,,DOB contact on 500 sites - likely filing rep; PRABHJIT SINGH appears on 3 entities in this list - expediter,
C,165,919 Freeman St - Appliances,MJH Developers,Dave Chaz,,15,11,"919 FREEMAN STREET, Bronx, NY, USA",2029760041,"approved, not yet permitted",New Building,2026-05-29,1283 LN LLC,"PO BOX 297 , MONROE NY 10949",2025-03-11,860000,PRABHJIT SINGH,SELF-MANAGER (thin),2,1,0,,,,DOB contact on 500 sites - likely filing rep; PRABHJIT SINGH appears on 3 entities in this list - expediter,
C,311,160 w 120,Blue Stone Contracting office,Dave Chaz,,12,,"160 WEST 120 STREET, New York, NY, USA",1019040057,permitted 2026-04-17 (under construction),Alteration,2026-04-13,"LIPSKAR, CHAIM","50 SW 17TH RD. , MIAMI FL 33119",2025-12-03,1750000,BLENDI MURIQI,THIRD-PARTY USER (thin),1,0,1,NNN 149 LLC(1),XL Real Property Management,True,,
C,391,"425 Mother Gaston blvd  Brooklyn, NY",A.A.D Construction Corp.,Victor Orozco,,11,,"425 MOTHER GASTON BOULEVARD, Brooklyn, NY, USA",3037430012,filed (Objections),New Building,2026-03-30,CITY OF NEW YORK,"CITY HALL , NY NY 00000",1991-09-23,0,RONA REODICA,CITY-OWNED / AFFORDABLE,88,1,59,1040608 WEST 139TH ST  TA(2); SHEREE BUNYAN(2); 503505 WEST147 STREET TA(1),,,,City-owned HPD site (affordable)
C,358,293 east 207 HAXCON,FRED GEREMIA,Josh,,11,,"293 EAST 207 STREET, Bronx, NY, USA",2033430683,signed-off / complete,New Building,2026-07-21,LAS 207 LLC,"293 E. 207TH STREET , BRONX NY 10467",2024-09-25,615000,EGRIS HAXHARI,SELF-MANAGER,16,16,0,,,,,
C,11,1664 Grand - MJX,MJH Developers,Dave Chaz,,10,10,"1664 GRAND AVENUE, Bronx, NY, USA",2028670015,signed-off / complete,Alteration,2026-03-26,1664 REALTY LLC,"130 LEE AVENUE, SUITE 570 , BROOKLYN NY 11211",2025-12-17,1100000,MOSHE STEINMETZ,MIXED,8,6,1,MARTIN PETERS(1),Chaim Greenfeld,True,,
C,140,154 Stanton Street,Builders Group USA,Lipa Goldman,,10,,"154 STANTON STREET, New York, NY, USA",1003500037,"approved, not yet permitted",Alteration,2026-04-27,Y&K 155 LLC,"1805 EAST 5TH STREET , BROOKLYN NY 11223",2015-08-26,4900000,JOSEPH SAFDIE,SELF-MANAGER,12,12,0,,,,DOB contact on 36 sites - likely filing rep,
C,274,522 Avenue X,Jb Construction and design,Josh,,10,10,"522 AVENUE X, Brooklyn, NY, USA",3072020009,"approved, not yet permitted",New Building,2026-03-25,"KAFIF, SAM","814  AVENUE W , BKLYN NY",1994-08-16,0,JOSEPH SAFDIE,SELF-MANAGER,12,12,0,,,,DOB contact on 36 sites - likely filing rep,
C,163,219 Rockaway,MJH Developers,Lipa Goldman,,10,9,"219 ROCKAWAY AVENUE, Brooklyn, NY, USA",3014420006,signed-off / complete,Alteration,2026-07-28,217 ROCKAWAY LLC,"P.O. BOX 297 , MONROE NY 10949",2023-10-25,900000.00,YECHESKEL WEISS,SELF-MANAGER (thin),1,1,0,,,,,
C,112,1860 Harrison Ave,MJH Developers,Lipa Goldman,,10,,"1860 HARRISON AVENUE, Bronx, NY, USA",2028690027,signed-off / complete,Alteration,2026-05-06,HARRISON AVE REALTY GROUP LLC,"130 LEE AVE SUITE 704, BROOKLYN NY 11211",2025-12-22,988800,CHAIM GREENFELD,SELF-MANAGER,7,7,0,,CHAIM GREENFELD,True,,
C,336,633 Saratoga Ave - Appliances,MJH Developers,Dave Chaz,,9,9,"633 SARATOGA AVENUE, Brooklyn, NY, USA",3035370010,unknown,,2026-08-28,633 SARATOGA AVE REALTY LLC,"130 LEE AVENUE, SUITE 441 , BROOKLYN NY 11211",2026-04-30,830000,AHARON PERLSTEIN,NO HPD HISTORY,0,0,0,,,,,
C,346,"31 Woodbine St, Brooklyn, NY 11221",Owners GC NY LLC,Lipa Goldman,,9,,"31 WOODBINE STREET, Brooklyn, NY, USA",3033480048,signed-off / complete,ALT-CO - New Building with Existing Elements to Remain,2026-07-14,31 WOODBINE LLC,"31 WOODBINE STREET , BROOKLYN NY 11221",2025-08-20,1345000,CHAIM FUCHS,MIXED,9,8,1,1091 MADISON REALTY LLC(1),,,,
C,132,703 E 6th,MJH Developers,Lipa Goldman,,8,,"703 EAST 6 STREET, New York, NY, USA",1003760062,"approved, not yet permitted",ALT-CO - New Building with Existing Elements to Remain,2026-08-05,703 EAST 6TH LOFTS LLC,"C/O: LAW OFFICE OF ZEV BRACHFELD 2361 NOSTRAND AVENUE, SUITE 803, BROOKLYN NY 11210",2025-08-28,3550000,JACOB FULOP,THIRD-PARTY USER,24,10,13,96TH LOFTS LLC(1); 631 EAST 6 NYC LLC(1); 61 LOFTS LLC(1),,,DOB contact on 29 sites - likely filing rep,
C,398,1613 Park Place,Owners GC NY LLC,Josh,,8,,"1613 PARK PLACE, Brooklyn, NY, USA",3013690068,"approved, not yet permitted",Alteration,2026-07-20,1613 PARK PLC LLC,"477 RALPH AVENUE , BROOKLYN NY 11233",2018-12-13,900000,OVADIA HALFON,NO HPD HISTORY,0,0,0,,JOAN SMITH,False,,
C,166,888 Flushing Avenue,Jb Construction and design,Josh,,8,8,"888 FLUSHING AVENUE, Brooklyn, NY, USA",3031390011,signed-off / complete,Alteration,2025-09-30,"MADISON GROUP REALTY, LLC","112 STANTON STREET APT 5, NEW YORK NY 10002",2018-11-07,3825000,CHUN LEE,MIXED,31,16,10,CHUNG LEE(2); FOOK CHEUNG LUNG REALTY CORP(1); KIN AU(1),CHUN LEE,True,,
C,185,173 Tompkins,Bolder Builders,Josh,,8,,"173 TOMPKINS AVENUE, Brooklyn, NY, USA",3017720008,signed-off / complete,Alteration,2026-03-11,173 TOMPKINS REALTY LLC,"275 RUTLEDGE STREET , BROOKLYN NY 11211",2016-12-05,1295000,SOL SINAY,SELF-MANAGER,5,5,0,,,,,
C,379,577 Bristol St,MJH Developers,Dave Chaz,,8,8,"577 BRISTOL STREET, Brooklyn, NY, USA",3036240018,unknown,,2026-08-18,BRISTOL CAPITAL ASSOCIATES LLC,"348 WALSH COURT , BROOKLYN NY 11230",2024-03-07,750000,SIMCHA LUDMIR,SELF-MANAGER,6,6,0,,Redstone Realty NYC,True,,
C,115,499 Wyona St - Appliances,MJH Developers,Josh,,8,10,"499 WYONA STREET, Brooklyn, NY, USA",3038090020,signed-off / complete,Alteration,2026-06-04,499 J WYONA IGB LLC,"183 WILSON ST STE 185 , BROOKLYN NY 11211",2023-08-14,0.00,ARON HARFENES,SELF-MANAGER (thin),1,1,0,,WILLIAMSBURG PROPERTY MANAGEMENT,True,,
C,295,2258 Morris,Torus Construction Group,Dave Chaz,,7,99,"2256 MORRIS AVENUE, Bronx, NY, USA",2031710009,permitted 2026-06-18 (under construction),Alteration,2026-06-16,2256-2258 MORRIS LLC,"1178 BROADWAY , NEW YORK NY 100015404",2026-04-15,1800000,CHESKEL SALAMON,THIRD-PARTY USER,4,0,4,HERMAN ASKAL(3); HERMAN SALAMON(1),MARIE HALE,True,,
C,159,114 Adelphi Street,MJH Developers,Dave Chaz,,7,7,"114 ADELPHI STREET, Brooklyn, NY, USA",3020440071,filed (Chief Plan Examiner/ Assistant Chief Plan Examiner Review),New Building,2026-08-25,114 ADELPHI REALTY LLC,"250 SKILLMAN STREET SUITE 505, BROOKLYN NY 11205",2026-04-24,1900000,DOMINIQUE VABRE,MIXED,62,42,18,SAFEGUARD MANAGEMENT LLC(15); SAFEGUARD MANANGEMENT LLC(1); SAFEGUARD MANAGEMENT(1),DOMINIQUE VABRE,True,DOB contact on 27 sites - likely filing rep,
C,292,"418 Lorimer St Brooklyn, NY",Preferred Builders,Lipa Goldman,,7,,"418 LORIMER STREET, Brooklyn, NY, USA",3030230006,signed-off / complete,ALT-CO - New Building with Existing Elements to Remain,2026-07-25,418 LORIMER LLC,"670 MYRTLE AVE, SUITE 515 , BROOKLYN NY 11205",2025-12-03,2000000,CHAIM FUCHS,MIXED,9,8,1,1091 MADISON REALTY LLC(1),,,,
C,7,117 Powers St,E&M BUILDERS GROUP,Dave Chaz,Eli Radzik,7,7,"117 POWERS STREET, Brooklyn, NY, USA",3027750033,signed-off / complete,ALT-CO - New Building with Existing Elements to Remain,2026-08-24,117 POWERS LLC,"700 ST MARKS AVENUE , BROOKLYN NY 11216",2024-07-23,2100000,ELAD BENKIMON,SELF-MANAGER,5,5,0,,,,,
C,105,"2538 35 street, Astoria",Ameropride construction,Josh,,7,7,"2538 35 STREET, Astoria, NY, USA",4006320049,filed (Plan Examiner Review),ALT-CO - New Building with Existing Elements to Remain,2026-08-13,2538 35 STREET LLC,"92 COVE DRIVE , MANHASSET NY 11030",2025-01-16,1310000,ILIR SHALSI,SELF-MANAGER,3,3,0,,,,,
C,400,195 Huron Project,Cyrus Builders,Josh,,7,,"195 HURON STREET, Brooklyn, NY, USA",3025230048,filed (Plan Examiner Review),ALT-CO - New Building with Existing Elements to Remain,2026-08-07,195 HURON CAPITAL LLC,"195 HURON STREET , BROOKLYN NY 11222",2024-09-30,2100000,GUY MOR,SELF-MANAGER (thin),2,2,0,,OLGA CRUZ,True,,
C,360,912 metropolitan,Cyncly,Josh,,6,,"912 METROPOLITAN AVENUE, Brooklyn, NY, USA",3029170001,"approved, not yet permitted",Alteration,2026-08-24,OLIVE APARTMENTS LLC,"912 METROPOLITAN AVENUE , BROOKLYN NY 11211",2026-03-10,4320750,YANIV GARBO,THIRD-PARTY USER,7,1,6,GREENI MANAGEMENT(3); GREENI MANGEMENT(1); GREENE MANAGEMENT(1),Greeni Management,False,,
C,24,218 23rd St,UGB CONSTRUCTION,Dave Chaz,Menashe Treitel,6,4,"218 23 STREET, Brooklyn, NY, USA",3006490028,signed-off / complete,Alteration,2026-04-21,218 23RD OWNER LLC,"146 WEST 29TH STREET, #8E , NEW YORK NY 10001",2025-05-05,1000000,THOMAS GIANNOPOULOS,NO HPD HISTORY,0,0,0,,,,,
C,133,2794 Mill,Y&S Remodeling,Lipa Goldman,,6,6,"2794 MILL AVENUE, Brooklyn, NY, USA",3085930089,filed (Plan Examiner Review),New Building,2026-08-07,2794 MILL AVE OWNER LLC,"2794 MILL AVENUE , BROOKLYN NY 11234",2026-06-11,0,IZHAK ALKSLASI,NO HPD HISTORY,0,0,0,,,,,
C,126,128 Livonia Ave,KT Appliance,Lipa Goldman,,6,,"128 Livonia Ave, Brooklyn, NY 11212, USA",3035850029,BIS PLAN EXAM - DISAPPROVED (NB),NB,,126-144 LIVONIA AVE LLC,"4403 15TH AVENUE , BROOKLYN NY 11219",2024-01-22,1600000,126-144 LIVONIA AVE LLC,NO HPD HISTORY,0,0,0,,Redstone Realty NYC,True,,
C,79,18-58 Putnam Ave,Jacob Zicherman,Lipa Goldman,,6,6,"18-58 Putnam Avenue, Flushing, NY, USA",4034720006,signed-off / complete,Alteration,2026-02-04,1858 PUTNAM LLC,"5314 16TH AVE SUITE 267 , BROOKLYN NY 11204",2025-11-25,1700000,JACOB ZICHERMAN,MIXED,14,11,3,OUTPOST CLUB INC(3),REDSTONE REALTY NYC LLC,True,,
C,275,"17 N Henry St. Brooklyn, NY",OnPoint development,Josh,,5,5,"17 NORTH HENRY STREET, Brooklyn, NY, USA",3028310014,signed-off / complete,New Building,2026-08-06,17 NORTH HENRY DEV LLC,"989 HALSEY STREET, GROUND FLOOR , BROOKLYN NY 11207",2024-08-06,0,ROTEM COHEN,THIRD-PARTY USER (thin),1,0,1,GHM EQUITIES(1),,,,
C,351,60 BOX - appliances,Cyrus Builders,Josh,,4,4,"60 BOX STREET, Brooklyn, NY, USA",3024830019,"approved, not yet permitted",New Building,2026-07-08,BOX CONDOMINIUMS LLC,"60 BOX STREET , BROOKLYN NY 11222",2025-03-27,2825000,ARIEL SHALOM,MIXED,4,3,1,RON BOROVINSKY(1),,,,
C,136,112 Huron st Brooklyn NY,AO DEVELOPMENT,Josh,,4,,"112 HURON STREET, Brooklyn, NY, USA",3025320016,filed (Plan Examiner Review),New Building,2026-08-11,112 HURON ST LLC,"240 KENT AVENUE STE K3/B33, BROOKLYN NY 11249",2024-12-06,2125000,RAN MICHAELI,SELF-MANAGER (thin),1,1,0,,,,,
C,27,50 Graham Ave,Jb Construction and design,Josh,,4,4,"50 GRAHAM AVENUE, Brooklyn, NY, USA",3031140002,unknown,,2026-09-03,HAZAK REALTY LLC,"1702 EAST 5TH STREET, 3RD FLOOR , BROOKLYN NY 11223",2025-12-15,0,ELLIOT SABBAGH,SELF-MANAGER,7,7,0,,,,,
C,194,RFP - 209 Butler St,Ador Builders LLC,Josh,,3,3,"209 BUTLER STREET, Brooklyn, NY, USA",3004050060,"approved, not yet permitted",New Building,2026-08-06,209 BUTLER DEV LLC,"1663 COLEMAN ST , BROOKLYN NY 11234",2025-04-08,1500000,GAGANDEEP SINGH,NO HPD HISTORY (entity office),0,0,0,,,,DOB contact on 500 sites - likely filing rep; GAGANDEEP SINGH appears on 6 entities in this list - expediter,
C,359,Ador 725 Dean,STUDIOSC,Josh,,3,,"725 DEAN STREET, Brooklyn, NY, USA",3011300057,"approved, not yet permitted",New Building,2026-06-16,725 DEAN ST LLC,"11 WEIRFIELD STREET , BROOKLYN NY 11221",2026-01-29,2300000,HAIM AKZIN,NO HPD HISTORY,0,0,0,,,,,
C,416,1057 54th Street - WAITING SPECS,Prestige Construction,Dave Chaz,,3,,"1057 54 STREET, Brooklyn, NY, USA",3056670049,filed (Plan Examiner Review),ALT-CO - New Building with Existing Elements to Remain,2026-08-26,1057 54 LLC,"4010 14TH AVENUE , BROOKLYN NY 11218",2025-04-30,2500000,DAVID SOFER,MIXED,17,10,3,ELLERY STREET LLC(1); 687 PARK AVE LLC(1); 1377 40TH ST LLC(1),,,,
C,130,520 W 20th St,,Lipa Goldman,,3,3,"520 WEST 20 STREET, New York, NY, USA",1006910043,unknown,,2026-08-04,520 WEST 20 LLC,"313 5TH AVENUE , NEW YORK NY 10016",2020-03-13,0.00,HIRAM HADDAD,NO HPD HISTORY,0,0,0,,,,,
C,155,247 Water Street,,Lipa Goldman,,1,1,"247 WATER STREET, Brooklyn, NY, USA",3000320055,unknown,,,255 WATER STREET ASSOCIATES LLC,"48  LAWRENCE AVE , LAWRENCE NY 11559",1995-07-31,0,255 WATER STREET ASSOCIATES LLC,NO HPD HISTORY,0,0,0,,,,,
C,68,559 West 22nd St,First Standard Construction,Kemper,,1,3,"559 WEST 22 STREET, New York, NY, USA",1006940001,filed (Objections),ALT-CO - New Building with Existing Elements to Remain,2026-08-13,"559 WEST 22ND DEVELOPMENT, LLC","455 CITATION POINT , NAPLES FL 34104",2026-04-27,4000000,JOSEPH MCCABE,NO HPD HISTORY,0,0,0,,"22ND AND 11TH ASSOCIATES, L.L.C.",True,,
C,259,404 Pacific St. Project,UGB CONSTRUCTION,Dave Chaz,,,,"404 PACIFIC STREET, Brooklyn, NY, USA",3001900010,unknown,,2026-08-03,"404 PACIFIC HOLDINGS, LLC","315 FLATBUSH AVENUE #172, BROOKLYN NY 11217",2026-04-13,3785000,BREN SALAMON,THIRD-PARTY USER,12,0,12,SUNRISE REAL ESTATE CORP(11); SUNRISE REAL STATE(1),SUNRISE REAL ESTATE CORP,False,,
C,13,354 E 17th St,Level 10 Construction Group Inc,Josh,,,,"354 EAST 17 STREET, New York, NY, USA",1009220070,unknown,,2019-02-27,BETH ISRAEL MEDICAL CENTER,"C/O CONTINUUM SERVICES LEGAL DEPARTMENT 555 WEST 57TH STREET, 18TH FLOOR, NEW YORK NY 10019",2009-02-04,0,WILLIAM KNIGHT,THIRD-PARTY USER,5,0,5,ROSE ASSOCIATES INC(4); ROSE PROPERTY MGMT GRP LLC(1),,,,
C,244,444 Carroll  Appliances,Blue Sky,Josh,,,,"444 CARROLL STREET, Brooklyn, NY, USA",3004530026,unknown,,,GW CARROLL LLC,"670 MYRTLE AVENUE SUITE 315, BROOKLYN NY 11205",2026-02-02,19360000,GW CARROLL LLC,NO HPD HISTORY,0,0,0,,,,,
C,270,800 Rockaway,"The Briarwood Organization, LLC",Victor Orozco,,,,"800 ROCKAWAY AVENUE, Brooklyn, NY, USA",3036020007,unknown,,2023-02-14,800 ROCKAWAY HOUSING DEVELOPMENT FUND CORPORATION,"345 EAST 102ND STREET 3RD FLOOR, NEW YORK NY 10029",2022-12-13,6500000.00,RANZEY AHMAD,NO HPD HISTORY,0,0,0,,,,,
C,393,469 Troy Ave  PTAC,Blue Sky,Ari Zilberman,,,,"469 TROY AVENUE, Brooklyn, NY, USA",3014290002,unknown,,2026-01-19,469 TROY LLC,"469 TROY AVENUE , BROOKLYN NY 11203",2026-07-30,10000000,YONAH GRUNHUT,NO HPD HISTORY,0,0,0,,,,,
C,8,1537 Vyse Ave - Ptac,MJH Developers,Dave Chaz,,,,"1537 VYSE AVENUE, Bronx, NY, USA",2029890044,unknown,,2026-07-28,MANFIELD VYSE AVE LLC,"15 MANGIN ROAD , MONROE NY 10950",2026-03-12,1800000,SHIMSHON GRUNSTEIN,MIXED,26,24,2,FRONTGATE MANAGEMENT(1); GREENI MANAGEMENT(1),1538 hoe LLC,False,DOB contact on 28 sites - likely filing rep,
C,367,"1440 60th St, Brooklyn, NY 11219",Chesky Slomiuc,Lipa Goldman,,,,"1440 60 STREET, Brooklyn, NY, USA",3057200024,unknown,,2026-05-27,1440 60TH ST LLC,"1440 60TH STREET , BROOKLYN NY 11219",2025-09-11,955000,YONA SLOMIUC,NO HPD HISTORY,0,0,0,,,,,
C,16,919 Crescent St,"Brickstone Group, LTD",Josh,,,,"919 CRESCENT STREET, Brooklyn, NY, USA",3045290051,unknown,,2024-02-27,"PAGUAY-TUFINO, JOSE A","919 CRESCENT STREET , BROOKLYN NY 11208",2024-08-16,0,JOSE A PAGUAY TUFINO,NO HPD HISTORY,0,0,0,,,,,
C,14,241 MacDonough St - Brickstone,"Brickstone Group, LTD",Josh,,,,"241 MACDONOUGH STREET, Brooklyn, NY, USA",3016690062,unknown,,2026-08-26,RESIDENTIAL BRICKS LLC,"1486 FULTON STREET, MAIN FLOOR , BROOKLYN NY 11216",2025-06-06,1350000,JOSEPH YAAKOVZADEH,MIXED,79,57,3,222 BRICKS LLC(1); BEACH  BRICKS LLC(1); ROGERS BRICKS LLC(1),,,DOB contact on 159 sites - likely filing rep,
C,134,2110 Honeywell,MJH Developers,Lipa Goldman,,,,"2110 HONEYWELL AVENUE, Bronx, NY, USA",2031250005,unknown,,2026-09-04,2110 HONEYWELL AVE LLC,"51 FOREST ROAD , MONROE NY 10950",2026-05-18,0,MICHAEL WEISSMADNL,NO HPD HISTORY,0,0,0,,RESIDENTS LIVING LLC,True,,
C,266,908 Lafayette Street,QuPro,Lipa Goldman,,,,"908 LAFAYETTE AVENUE, Brooklyn, NY, USA",3016100013,unknown,,,"SHIRAKO, AIWA","908 LAFAYETTE AVENUE , BROOKLYN NY 11221",2022-04-27,0.00,"SHIRAKO, AIWA",NO HPD HISTORY,0,0,0,,LAFAYETTE 908 RESIDENCE LLC,True,,
C,77,1338 Fteley Ave,Owners GC NY LLC,Josh,,,,"1338 FTELEY AVENUE, Bronx, NY, USA",2038710021,unknown,,2026-07-27,BSD 1338 FTELEY LLC,"199 LEE AVENUE STE 1035, BROOKLYN NY 11211",2025-07-10,900000,YESHAYE HAGER,NO HPD HISTORY,0,0,0,,1338 HOLDINGS LLC,True,,
C,101,1329 Findley,MJH Developers,Lipa Goldman,,,,"1329 FINDLAY AVENUE, Bronx, NY, USA",2027830065,unknown,,2026-07-13,1329 FINDLAY AVE LLC,"670 MYRTLE AVENUE, STE 6262 , BROOKLYN NY 11205",2026-01-20,1325000,JOSEPH KLEIN,SELF-MANAGER,13,13,0,,,,,
C,78,2366 Davidson Ave,Owners GC NY LLC,Josh,,,,"2366 DAVIDSON AVENUE, Bronx, NY, USA",2031980141,unknown,,2025-11-26,2366 DAVIDSON LLC,"1264 41ST STREET , BROOKLYN NY 11218",2025-09-19,1100000,SHABSE FUCHS,SELF-MANAGER,4,4,0,,,False,,
C,383,389 Legion St - Appliances,MJH Developers,Josh,,,,"389 LEGION STREET, Brooklyn, NY, USA",3035950017,unknown,,2026-05-14,JACOB BERG LLC,"183 WILSON STREET, #185 , BROOKLYN NY 11211",2016-12-27,675000,ARON HARFENES,SELF-MANAGER (thin),1,1,0,,WILLIAMSBURG PROPERTY MANAGEMENT,True,,
